{
  "loss": [
    1.578398585319519,
    1.3514444828033447,
    1.2453612089157104,
    1.2036340236663818,
    1.1799246072769165,
    1.169062614440918,
    1.1603939533233643,
    1.123289704322815,
    1.655566692352295,
    1.5538527965545654,
    1.5043234825134277,
    1.449541449546814,
    1.4177417755126953
  ],
  "val_loss": [
    1.2836389541625977,
    1.2720078229904175,
    1.2691471576690674,
    1.2758015394210815,
    1.321850061416626,
    1.3586230278015137,
    1.4133740663528442,
    1.4678993225097656,
    1.4290779829025269,
    1.6142847537994385,
    1.731292486190796,
    1.7585452795028687,
    1.7791740894317627
  ],
  "accuracy": [
    0.33979135751724243,
    0.4187779426574707,
    0.4534277319908142,
    0.46944859623908997,
    0.471684068441391,
    0.49143069982528687,
    0.4925484359264374,
    0.5093144774436951,
    0.36773473024368286,
    0.3878539502620697,
    0.39865872263908386,
    0.40499255061149597,
    0.40909090638160706
  ],
  "learning_rate": [
    0.0003000000142492354,
    0.0003000000142492354,
    0.0003000000142492354,
    0.0003000000142492354,
    0.0003000000142492354,
    9.000000136438757e-05,
    9.000000136438757e-05,
    2.700000004551839e-05,
    9.999999747378752e-06,
    9.999999747378752e-06,
    2.9999998787388904e-06,
    2.9999998787388904e-06,
    9.999999974752427e-07
  ],
  "val_accuracy": [
    0.45156481862068176,
    0.4366616904735565,
    0.4307004511356354,
    0.4187779426574707,
    0.39344263076782227,
    0.40387481451034546,
    0.38450074195861816,
    0.3710879385471344,
    0.3591654300689697,
    0.37406855821609497,
    0.37406855821609497,
    0.37555885314941406,
    0.37406855821609497
  ]
}