{
  "accuracy": [
    0.5934718251228333,
    0.7436201572418213,
    0.7948565483093262,
    0.830662727355957,
    0.860534131526947,
    0.8741839528083801,
    0.8818991184234619,
    0.8917903304100037,
    0.9062314629554749,
    0.9109792113304138,
    0.8144411444664001,
    0.8365974426269531,
    0.8470820784568787,
    0.8702275156974792,
    0.8733927011489868,
    0.8813056349754333,
    0.8886251449584961,
    0.8961424231529236,
    0.9062314629554749,
    0.9117705225944519,
    0.9107813835144043,
    0.9200791120529175,
    0.920672595500946,
    0.9281899333000183,
    0.9349159002304077,
    0.9303659796714783,
    0.94025719165802,
    0.9408506155014038,
    0.9495549201965332,
    0.9491592645645142
  ],
  "loss": [
    1.0418246984481812,
    0.6779834628105164,
    0.5332632660865784,
    0.46614739298820496,
    0.39368703961372375,
    0.3591838777065277,
    0.34659630060195923,
    0.30300837755203247,
    0.27890491485595703,
    0.27153000235557556,
    0.5440355539321899,
    0.4500553011894226,
    0.4214577078819275,
    0.3907579481601715,
    0.3518902063369751,
    0.3464837372303009,
    0.32142823934555054,
    0.28991273045539856,
    0.2820870578289032,
    0.27545174956321716,
    0.2625449299812317,
    0.2387678176164627,
    0.25313201546669006,
    0.2266930490732193,
    0.2196938395500183,
    0.22596611082553864,
    0.21695798635482788,
    0.20597584545612335,
    0.17782583832740784,
    0.1908843070268631
  ],
  "val_accuracy": [
    0.8080676794052124,
    0.87638258934021,
    0.8998048305511475,
    0.9271307587623596,
    0.938191294670105,
    0.9459987282752991,
    0.9577098488807678,
    0.962914764881134,
    0.9661678671836853,
    0.9726740121841431,
    0.9401431083679199,
    0.9440468549728394,
    0.9525048732757568,
    0.953155517578125,
    0.9603123068809509,
    0.9648666381835938,
    0.968119740486145,
    0.9720234274864197,
    0.9772283434867859,
    0.9785296320915222,
    0.9824333190917969,
    0.9824333190917969,
    0.9817826747894287,
    0.9837345480918884,
    0.9811320900917053,
    0.9869876503944397,
    0.9876382350921631,
    0.990240752696991,
    0.9921925663948059,
    0.9934937953948975
  ],
  "val_loss": [
    0.5842984318733215,
    0.38980430364608765,
    0.3239941895008087,
    0.2637957036495209,
    0.23583197593688965,
    0.22079168260097504,
    0.1860058456659317,
    0.17441996932029724,
    0.16098961234092712,
    0.1450478732585907,
    0.2257746160030365,
    0.21349124610424042,
    0.1930592656135559,
    0.18552234768867493,
    0.1655082404613495,
    0.15369561314582825,
    0.14707626402378082,
    0.1416633278131485,
    0.1320124864578247,
    0.12434594333171844,
    0.11924202740192413,
    0.11579441279172897,
    0.11310868710279465,
    0.10869374871253967,
    0.10691565275192261,
    0.10294893383979797,
    0.09960426390171051,
    0.09634798765182495,
    0.09048619121313095,
    0.08944708853960037
  ],
  "learning_rate": [
    9.999999747378752e-05,
    9.999999747378752e-05,
    9.999999747378752e-05,
    9.999999747378752e-05,
    9.999999747378752e-05,
    9.999999747378752e-05,
    9.999999747378752e-05,
    9.999999747378752e-05,
    9.999999747378752e-05,
    9.999999747378752e-05,
    9.999999747378752e-06,
    9.999999747378752e-06,
    9.999999747378752e-06,
    9.999999747378752e-06,
    9.999999747378752e-06,
    9.999999747378752e-06,
    9.999999747378752e-06,
    9.999999747378752e-06,
    9.999999747378752e-06,
    9.999999747378752e-06,
    9.999999747378752e-06,
    9.999999747378752e-06,
    9.999999747378752e-06,
    9.999999747378752e-06,
    9.999999747378752e-06,
    9.999999747378752e-06,
    9.999999747378752e-06,
    9.999999747378752e-06,
    9.999999747378752e-06,
    9.999999747378752e-06
  ]
}