{
  "val_loss": [
    1.2718631029129028,
    1.2916897535324097,
    1.2632888555526733,
    1.3025888204574585,
    1.33467435836792,
    1.3884856700897217,
    1.4308340549468994,
    1.4601037502288818,
    1.3891150951385498,
    1.51022207736969,
    1.619096279144287,
    1.6700705289840698,
    1.6827447414398193
  ],
  "val_accuracy": [
    0.48137107491493225,
    0.4262295067310333,
    0.44411325454711914,
    0.3710879385471344,
    0.37555885314941406,
    0.3695976138114929,
    0.3800297975540161,
    0.3695976138114929,
    0.37406855821609497,
    0.3532041609287262,
    0.3636363744735718,
    0.36810728907585144,
    0.3725782334804535
  ],
  "loss": [
    1.659670352935791,
    1.3808879852294922,
    1.2821043729782104,
    1.2141740322113037,
    1.2092370986938477,
    1.1696072816848755,
    1.1636649370193481,
    1.1378833055496216,
    1.673275113105774,
    1.5801756381988525,
    1.4584230184555054,
    1.4430270195007324,
    1.4527004957199097
  ],
  "accuracy": [
    0.3327123820781708,
    0.4176602065563202,
    0.433308482170105,
    0.48025333881378174,
    0.4705663323402405,
    0.471684068441391,
    0.4791356325149536,
    0.48025333881378174,
    0.3558122217655182,
    0.371460497379303,
    0.40909090638160706,
    0.41803279519081116,
    0.4031296670436859
  ],
  "learning_rate": [
    0.0003000000142492354,
    0.0003000000142492354,
    0.0003000000142492354,
    0.0003000000142492354,
    0.0003000000142492354,
    9.000000136438757e-05,
    9.000000136438757e-05,
    2.700000004551839e-05,
    9.999999747378752e-06,
    9.999999747378752e-06,
    2.9999998787388904e-06,
    2.9999998787388904e-06,
    9.999999974752427e-07
  ]
}