{
  "val_accuracy": [
    0.39642325043678284,
    0.32041728496551514,
    0.2846497893333435,
    0.2846497893333435,
    0.2950819730758667,
    0.2563338279724121,
    0.21460506319999695
  ],
  "loss": [
    1.6455762386322021,
    1.3833134174346924,
    1.2601336240768433,
    1.206052303314209,
    1.7636480331420898,
    1.553465485572815,
    1.4773292541503906
  ],
  "learning_rate": [
    9.999999747378752e-05,
    9.999999747378752e-05,
    9.999999747378752e-05,
    2.9999999242136255e-05,
    9.999999747378752e-06,
    9.999999747378752e-06,
    2.9999998787388904e-06
  ],
  "accuracy": [
    0.3233979046344757,
    0.4120715260505676,
    0.4545454680919647,
    0.4806259274482727,
    0.3301043212413788,
    0.3800297975540161,
    0.41318926215171814
  ],
  "val_loss": [
    1.3160936832427979,
    1.3707842826843262,
    1.426727294921875,
    1.4913585186004639,
    1.4507402181625366,
    1.6369214057922363,
    1.9369661808013916
  ]
}