{
  "accuracy": 0.39642324888226527,
  "macro_f1": 0.35472174256476563
}