Model,Accuracy,Macro-F1
EfficientNetB0,0.44411326378539495,0.3339179691184885
