Model,Accuracy,Macro-F1
EfficientNetB0,0.9934938191281718,0.989856631277381
