Model,Accuracy,Macro-F1
EfficientNetB0,0.4307004470938897,0.3521403958080309
