Model,Accuracy,Macro-F1
EfficientNetB0,0.9882888744307091,0.9827442306957619
