{
  "accuracy": 0.44411326378539495,
  "macro_f1": 0.3339179691184885
}