{
  "accuracy": 0.9934938191281718,
  "macro_f1": 0.989856631277381
}