Model,Accuracy,Macro-F1
EfficientNetB0,0.39642324888226527,0.35472174256476563
