{
  "accuracy": 0.9882888744307091,
  "macro_f1": 0.9827442306957619
}