{
  "accuracy": 0.4307004470938897,
  "macro_f1": 0.3521403958080309
}