{
  "base_accuracy": 0.36363636363636365,
  "base_macro_f1": 0.3409333583836296,
  "base_threshold": 0.0,
  "best_threshold": 0.25,
  "best_macro_f1": 0.3409333583836296,
  "final_policy_threshold": 0.0,
  "final_policy_macro_f1": 0.3409333583836296,
  "fallback_class": "Healthy"
}