{
  "base_accuracy": 0.44411326378539495,
  "base_macro_f1": 0.3339179691184885,
  "base_threshold": 0.0,
  "best_threshold": 0.25,
  "best_macro_f1": 0.3339179691184885,
  "final_policy_threshold": 0.0,
  "final_policy_macro_f1": 0.3339179691184885,
  "fallback_class": "Healthy"
}