{
  "val_loss": [
    0.5234427452087402,
    0.30875158309936523,
    0.25130876898765564,
    0.21215218305587769,
    0.18148910999298096,
    0.16561582684516907,
    0.14988376200199127,
    0.14049981534481049,
    0.12655994296073914,
    0.12319391220808029,
    0.21035516262054443,
    0.19255641102790833,
    0.1711888462305069,
    0.15862040221691132,
    0.1484551578760147,
    0.14173367619514465,
    0.13160067796707153,
    0.12796369194984436,
    0.12089461833238602,
    0.11635282635688782,
    0.10977593064308167,
    0.10638215392827988,
    0.10335627943277359,
    0.09975709021091461,
    0.09858892112970352,
    0.09524861723184586,
    0.09390977770090103,
    0.09229422360658646,
    0.09100202471017838,
    0.08747413009405136
  ],
  "accuracy": [
    0.6239367127418518,
    0.7825915217399597,
    0.8367952704429626,
    0.863105833530426,
    0.88486647605896,
    0.8993076086044312,
    0.9091988205909729,
    0.9214639067649841,
    0.923244297504425,
    0.9287833571434021,
    0.8253214359283447,
    0.8561819791793823,
    0.8714144229888916,
    0.88486647605896,
    0.9046488404273987,
    0.9024727940559387,
    0.9179030656814575,
    0.9171117544174194,
    0.9216617345809937,
    0.9254204034805298,
    0.9309594631195068,
    0.9388723969459534,
    0.9355093836784363,
    0.9430267214775085,
    0.947576642036438,
    0.9537091851234436,
    0.9481701254844666,
    0.9517309665679932,
    0.9568743705749512,
    0.9596439003944397
  ],
  "val_accuracy": [
    0.8418998122215271,
    0.9173715114593506,
    0.9323357343673706,
    0.9505529999732971,
    0.9590110778808594,
    0.968119740486145,
    0.9726740121841431,
    0.9759271144866943,
    0.9811320900917053,
    0.9798308610916138,
    0.9407937526702881,
    0.9518542885780334,
    0.9590110778808594,
    0.9609628915786743,
    0.9635654091835022,
    0.9668184518814087,
    0.9726740121841431,
    0.9733246564865112,
    0.9785296320915222,
    0.9817826747894287,
    0.9856864213943481,
    0.9863370060920715,
    0.9876382350921631,
    0.9882888793945312,
    0.990240752696991,
    0.990240752696991,
    0.9915419816970825,
    0.9908913373947144,
    0.9915419816970825,
    0.9915419816970825
  ],
  "loss": [
    1.021942138671875,
    0.6271008253097534,
    0.48564645648002625,
    0.4167230725288391,
    0.3624623119831085,
    0.3237316906452179,
    0.2932244539260864,
    0.26888543367385864,
    0.2703998386859894,
    0.24992653727531433,
    0.521686851978302,
    0.4467010796070099,
    0.40163087844848633,
    0.3658382296562195,
    0.32200804352760315,
    0.3073192238807678,
    0.27426135540008545,
    0.2822819650173187,
    0.2726193368434906,
    0.258213609457016,
    0.23966079950332642,
    0.23273597657680511,
    0.2382156401872635,
    0.21326352655887604,
    0.19997195899486542,
    0.19478724896907806,
    0.2002384513616562,
    0.18614153563976288,
    0.17466725409030914,
    0.17146652936935425
  ],
  "learning_rate": [
    9.999999747378752e-05,
    9.999999747378752e-05,
    9.999999747378752e-05,
    9.999999747378752e-05,
    9.999999747378752e-05,
    9.999999747378752e-05,
    9.999999747378752e-05,
    9.999999747378752e-05,
    9.999999747378752e-05,
    9.999999747378752e-05,
    9.999999747378752e-06,
    9.999999747378752e-06,
    9.999999747378752e-06,
    9.999999747378752e-06,
    9.999999747378752e-06,
    9.999999747378752e-06,
    9.999999747378752e-06,
    9.999999747378752e-06,
    9.999999747378752e-06,
    9.999999747378752e-06,
    9.999999747378752e-06,
    9.999999747378752e-06,
    9.999999747378752e-06,
    9.999999747378752e-06,
    9.999999747378752e-06,
    9.999999747378752e-06,
    9.999999747378752e-06,
    9.999999747378752e-06,
    9.999999747378752e-06,
    9.999999747378752e-06
  ],
  "ablation": "no_class_weights"
}