{
  "learning_rate": [
    9.999999747378752e-05,
    9.999999747378752e-05,
    9.999999747378752e-05,
    9.999999747378752e-05,
    9.999999747378752e-05,
    9.999999747378752e-05,
    9.999999747378752e-05,
    9.999999747378752e-05,
    9.999999747378752e-05,
    9.999999747378752e-05,
    9.999999747378752e-06,
    9.999999747378752e-06,
    9.999999747378752e-06,
    9.999999747378752e-06,
    9.999999747378752e-06,
    9.999999747378752e-06,
    9.999999747378752e-06,
    9.999999747378752e-06,
    9.999999747378752e-06,
    9.999999747378752e-06,
    9.999999747378752e-06,
    9.999999747378752e-06,
    9.999999747378752e-06,
    9.999999747378752e-06,
    9.999999747378752e-06,
    9.999999747378752e-06,
    9.999999747378752e-06,
    9.999999747378752e-06,
    9.999999747378752e-06,
    9.999999747378752e-06
  ],
  "accuracy": [
    0.6013847589492798,
    0.7491592764854431,
    0.810682475566864,
    0.8338279128074646,
    0.8688427209854126,
    0.8858556151390076,
    0.8991097807884216,
    0.9080118536949158,
    0.9169139266014099,
    0.9159248471260071,
    0.810682475566864,
    0.8407517075538635,
    0.8660731911659241,
    0.8811078071594238,
    0.8811078071594238,
    0.8913946747779846,
    0.8991097807884216,
    0.9028684496879578,
    0.912166178226471,
    0.9141443967819214,
    0.9273986220359802,
    0.9262116551399231,
    0.9297724962234497,
    0.9364985227584839,
    0.937685489654541,
    0.9412462711334229,
    0.9473788142204285,
    0.947576642036438,
    0.9554896354675293,
    0.9550939798355103
  ],
  "val_loss": [
    0.5502039790153503,
    0.35998785495758057,
    0.2781989872455597,
    0.22963181138038635,
    0.1982356607913971,
    0.17314812541007996,
    0.1695134937763214,
    0.1411033570766449,
    0.1253632754087448,
    0.12564608454704285,
    0.21494056284427643,
    0.20169180631637573,
    0.18374772369861603,
    0.1715715378522873,
    0.1539512276649475,
    0.14407433569431305,
    0.1313537359237671,
    0.12352530658245087,
    0.11808186024427414,
    0.11136628687381744,
    0.10601663589477539,
    0.10076158493757248,
    0.09756043553352356,
    0.09391593933105469,
    0.09136856347322464,
    0.0887107253074646,
    0.08661536872386932,
    0.08523999154567719,
    0.08406010270118713,
    0.0820603296160698
  ],
  "val_accuracy": [
    0.8360442519187927,
    0.8919973969459534,
    0.9193233847618103,
    0.9427456259727478,
    0.9525048732757568,
    0.9609628915786743,
    0.9648666381835938,
    0.9726740121841431,
    0.9824333190917969,
    0.9772283434867859,
    0.9401431083679199,
    0.9440468549728394,
    0.9492517709732056,
    0.9544567465782166,
    0.9655172228813171,
    0.9694209694862366,
    0.9746258854866028,
    0.9772283434867859,
    0.975276529788971,
    0.9824333190917969,
    0.9869876503944397,
    0.9863370060920715,
    0.9889394640922546,
    0.9876382350921631,
    0.990240752696991,
    0.9921925663948059,
    0.9928432106971741,
    0.9921925663948059,
    0.9928432106971741,
    0.9928432106971741
  ],
  "loss": [
    1.0189955234527588,
    0.6414598822593689,
    0.49214836955070496,
    0.43315210938453674,
    0.36997607350349426,
    0.3341965079307556,
    0.31178659200668335,
    0.27637892961502075,
    0.2603241205215454,
    0.24934504926204681,
    0.5523778200149536,
    0.43978527188301086,
    0.3892490863800049,
    0.3416329026222229,
    0.3420012593269348,
    0.32113566994667053,
    0.30250704288482666,
    0.2764047086238861,
    0.27170121669769287,
    0.24892382323741913,
    0.23730698227882385,
    0.23367410898208618,
    0.23147238790988922,
    0.20467163622379303,
    0.20313845574855804,
    0.19744402170181274,
    0.19184322655200958,
    0.18650253117084503,
    0.1663205772638321,
    0.17161710560321808
  ],
  "ablation": "no_augmentation"
}