{
  "base_accuracy": 0.39642324888226527,
  "base_macro_f1": 0.35472174256476563,
  "best_threshold": 0.3,
  "best_macro_f1": 0.35087961322449,
  "final_policy_threshold": 0.3,
  "final_policy_macro_f1": 0.35087961322449,
  "fallback_class": "Healthy"
}